title,date
平安,2026年6月15日 06:41 (UTC)
有些回忆会发光,2026年5月8日 00:50 (UTC)
雨滴将飘絮钉死在了车上,2026年4月16日 10:43 (UTC)
今日太阳颇有温度,2026年4月10日 00:47 (UTC)
春和景明，鸟鸣嘤嘤,2026年4月6日 23:37 (UTC)
老头子最近魔症了吧,2026年4月2日 05:06 (UTC)
人生能按部就班已是不易,2026年2月21日 08:42 (UTC)
文化觉醒，正本清源,2026年2月13日 02:24 (UTC)
周公旦，定架构,2026年2月6日 06:16 (UTC)
一梦千秋醉,2026年1月15日 22:47 (UTC)
来日不方长，且行且珍惜,2026年1月9日 13:24 (UTC)
德州之行结束,2026年1月7日 21:02 (UTC)
找车位是个很玄学的事情,2025年12月8日 01:16 (UTC)
今天去过户！,2025年11月28日 01:18 (UTC)
大佐？,2025年11月14日 04:21 (UTC)
双休才叫周末呀,2025年10月26日 01:56 (UTC)
勿忘国耻,2025年9月18日 00:14 (UTC)
魔法对轰🪄,2025年9月5日 06:19 (UTC)
一口半世菜，再难少年人,2025年8月26日 07:14 (UTC)
这是一条测试说说,2025年8月21日 01:46 (UTC)
无比期待周末,2025年8月15日 05:11 (UTC)
8.15,2025年8月15日 00:05 (UTC)
搬家，让人身心俱疲啊,2025年8月9日 23:58 (UTC)
明末？遗杂吧,2025年7月30日 05:29 (UTC)
人情味，真诚永远必杀,2025年7月17日 03:13 (UTC)
走，洗个手,2025年7月2日 02:38 (UTC)
雨季来临……,2025年6月30日 10:00 (UTC)
什么鬼今天32度？,2025年4月15日 00:30 (UTC)
封闭记几,2025年4月9日 03:35 (UTC)
半夜嗷嗷叫，起来揍猫猫,2025年3月18日 21:44 (UTC)
已卸载B乎,2025年3月17日 01:05 (UTC)
远离B乎，远离傻逼,2025年3月15日 00:06 (UTC)
冷冷的周末,2025年3月14日 09:43 (UTC)
Bad Bing！,2025年3月13日 01:32 (UTC)
嗓子疼,2025年3月10日 23:50 (UTC)
铲屎官出发上班,2025年3月5日 00:29 (UTC)
考了个试,2025年3月4日 09:16 (UTC)
恰同学少年，恰牛马壮年,2025年3月4日 07:05 (UTC)
一袭白衣，望而却步的美,2024年7月10日 20:26
晨起雾茫茫,2024年7月10日 20:26
勿谓言之不预,2024年5月14日 12:43
81192请返航,2024年4月1日 08:01
中国加油,2024年3月8日 09:05
屎山已成,2024年2月28日 16:47
开心🥳,2024年2月11日 08:08
喜欢在车站看人来人往,2024年2月7日 14:07
尽绵薄之力,2024年2月7日 09:39
极度嘶吼,2024年2月3日 17:58
夜梦惊醒时,2024年1月29日 01:44
猫猫与我的眨眼之交,2024年1月29日 00:06
啤酒加白酒，今年很开心,2024年1月26日 21:56
一觉天昏地暗,2024年1月20日 17:52
理完发归家公交上…,2024年1月19日 20:21
今天是非常开心的一天,2024年1月18日 18:31
我和猫猫吃烤鸭,2024年1月16日 20:03
😮‍💨，又瘦了,2024年1月12日 19:52
没那么期待周末啦,2024年1月12日 18:32
周六的测试,2023年12月2日 23:06
新版测试,2023年12月1日 15:10
清心寡欲，养精蓄锐,2023年11月27日 09:30
这俩月猫猫知识爆了,2023年11月27日 09:29
没有猫能拒绝偷看,2023年11月8日 19:05
失眠的日子，苦自己尝,2023年10月25日 20:26
抱团取暖,2023年9月22日 08:34
只想躺到床上蒙住头,2023年9月15日 14:09
/::~,2023年9月15日 14:08
请先生赴死,2023年8月24日 12:36
功能测试,2023年8月2日 12:45
俺又来了，哈哈哈哈,2023年8月2日 12:44
俺又来了，哈哈哈哈,2023年8月2日 12:42
行己事,2023年7月5日 08:45
快要说再见啦,2023年7月3日 22:27
哦吼,2023年6月26日 09:10
禽兽会上网，畜生做人郎,2023年6月3日 08:20
小说又烂尾了，齐天一梦,2023年4月27日 08:15
有朋自远方来 不亦乐乎,2023年4月21日 22:16
大病初愈,2023年4月6日 15:09
从今起，我要大胆抗争,2023年4月6日 15:09
小洋人就是我,2023年4月1日 20:31
我写的代码#半诗半屎,2023年3月24日 09:59
暂作一条安于现状的狗,2023年3月22日 16:25
春寒料峭,2023年3月9日 08:52
安静的胡乱生活,2023年2月27日 19:12
终于等到你，周五泡面日,2023年2月24日 18:42
头昏脑热小心要猝死啊,2023年2月2日 17:24
不知道明天整啥幺蛾子,2023年1月28日 21:37
八月你就让我关注了,2023年1月27日 19:01
静电们， 我回来了,2023年1月25日 21:12
电脑坏了，我没了,2023年1月22日 11:24
夜深忽梦少年事,2023年1月21日 22:20
多多时代到临，众神归位,2023年1月19日 15:12
今天真暖和，冶河看鸟,2023年1月18日 11:57
Go home,2023年1月15日 14:25
得意而忘形，愧有何用,2023年1月12日 18:35
绝地反击，东哥！,2023年1月3日 08:17
勾栏听曲,2023年1月2日 18:43
关机绝缘,2023年1月1日 21:58
我讨厌假期,2023年1月1日 19:12
做个打卤面吃吧,2022年12月31日 17:09
藏,2022年12月30日 17:50
网易好样的,2022年12月30日 15:40
网易好样的！,2022年12月30日 15:40
阿根廷状态太棒了！,2022年12月18日 23:44
本想公司加班，怕了怕了,2022年12月18日 14:02
王也踏青图,2022年12月17日 18:27
18°的井水,2022年12月11日 20:27
又屯积了一波物资,2022年12月11日 11:25
心思单纯肖自在,2022年12月11日 02:30
间歇性收拾东西综合症,2022年12月11日 01:20
哆啦A梦的结局是什么,2022年12月5日 21:55
一直以为我喜欢的是冬天,2022年12月4日 16:10
你失约了，我沉默了,2022年12月3日 18:41
亚洲之光啊,2022年11月22日 20:21
烧烤啤酒世界杯,2022年11月21日 20:01
培养点爱好,2022年11月21日 17:54
我在人间凑数的日子,2022年11月19日 15:16
你还好吗,2022年11月10日 16:59
[Doge]Good,2022年11月10日 16:59
不到黄泉，绝不相见。,2022年11月7日 12:50
羊驼戴先生！！！,2022年11月6日 13:35
清晨收到🫡快递,2022年11月3日 07:11
理发去qaq,2022年11月1日 18:14
云长去矣。,2022年11月1日 16:30
曾梦想仗剑走天涯,2022年10月31日 14:44
结束吧，这羞耻的笑话,2022年10月28日 08:00
悦来客栈江州分店,2022年10月27日 09:07
我大周有根电线杆怎么了,2022年10月27日 09:06
我大周有电动门怎么了,2022年10月27日 09:06
林永忠乃锤灵,2022年10月27日 09:04
五奇明白,2022年10月27日 09:02
青麟明白,2022年10月27日 09:02
做自己喜欢的事,2022年10月22日 06:02
人生导师王天霸,2022年10月19日 12:28
孤独颂歌,2022年10月18日 20:19
时常掉渣儿,2022年10月12日 20:14
《漠河舞厅》yyds,2022年10月12日 08:46
深锁,2022年10月9日 17:32
老康的食谱之黄金蛋饺,2022年10月8日 08:31
宰相刘罗锅之官场现形记,2022年10月7日 13:25
如释重负，自品甘苦。,2022年10月3日 12:23
假期有一个不好的开头,2022年10月2日 11:55
坚守,2022年9月30日 15:25
巨婴培养皿,2022年9月30日 07:40
一日之际在于晨,2022年9月27日 10:28
一日之际在于晨,2022年9月27日 10:28
你又坏了啊🤔,2022年9月27日 10:28
JDK17！,2022年9月22日 14:11
我把自己搞得一团糟,2022年9月17日 22:07
以后带饭，还是得宁少,2022年9月13日 17:42
回津,2022年9月11日 17:51
教员千古,2022年9月9日 22:28
不要迷失自己,2022年9月6日 12:03
拔腿就跑赵焕金,2022年9月4日 16:17
凭亿近人王道长,2022年9月4日 16:02
与自己约法三章,2022年9月3日 22:35
我认怂，我吃不了辣,2022年9月1日 07:20
中岛美嘉yyds ！,2022年8月29日 12:35
[Doge],2022年8月27日 23:29
大显示器是真的爽,2022年8月26日 09:29
拥抱Java17,2022年8月23日 21:43
转变了风气，我爱祖国,2022年8月19日 14:32
"/:,@o",2022年8月17日 17:11
周一周一,2022年8月15日 09:38
今日无事，勾栏听曲,2022年8月11日 20:25
炸鱼儿,2022年8月4日 20:26
又是汗岑岑的一天呀,2022年8月4日 08:52
[Doge],2022年8月3日 22:34
抑闷,2022年8月3日 07:27
诡术妖婆[Doge],2022年8月2日 17:22
汤姆丁！！！,2022年7月31日 16:39
出奇一致，盼着来？？？,2022年7月31日 02:59
来了，老弟,2022年7月29日 10:54
深夜赶路。,2022年7月2日 20:45
早上好☀️,2022年6月30日 07:43
何时遇见，何时新欢,2022年6月30日 07:42
再无相思寄南山,2022年6月29日 09:35
堕落始于拖鞋,2022年6月26日 17:41
世界末日的赶脚,2022年6月26日 01:44
引菌去疾计划启动！,2022年6月24日 14:00
庆父不死 鲁难未已,2022年6月23日 23:00
搬家遗旧物，任凭君采撷,2022年6月18日 14:27
奔波于看房，奔波与看房,2022年6月17日 18:10
开智的📖,2022年6月16日 07:53
想念教员。,2022年6月15日 12:40
寄,2022年6月9日 15:51
希望世界和平,2022年6月7日 07:40
做核酸，热成狗,2022年6月2日 18:26
晒黑了晒黑了呀,2022年6月2日 08:24
操安能以血补天哉！,2022年5月30日 08:33
地球太热了,2022年5月29日 08:43
大鸡腿呀🍗大西瓜🍉,2022年5月28日 11:53
加个鸡腿,2022年5月26日 11:23
重回年轻,2022年5月26日 11:23
岁月车轮滚滚,2022年5月26日 11:23
我愿沉默,2022年5月26日 11:23
api 测试,2022年5月26日 11:23
今儿得吃西瓜,2022年5月26日 11:23
克制，是高级的欲望,2022年5月26日 11:16
伊人已逝，吾念崩矣,2022年5月26日 11:12
我喜欢上了戴上耳机，打开B站任意一个音乐视频，不用拿起手机看，只听就可以，然后等它结束之后又等一个结束，然后又等,2022年10月12日 08:50
可以说很真实了：官方文档一般情况下写得都非常详细，尤其是掺杂着各种超链接。大家在读官方文档的时候如果不是十分清楚超链接的含义，尽量不要点，否则跳来跳去很容易把心态搞崩。,2022年8月31日 23:33
听说纵横就是纵容师弟横行霸道,2022年6月20日 21:12
在想：ios偷跑流量，是不是要有战争了，苹果公司在疯狂搜集用户资料信息[Emm][Emm],2022年6月1日 08:27
尔要试试我宝剑是否锋利吗。我这也未尝不利[Smart],2022年5月30日 08:28
